{"cameraMode":{"drawMode":0,"name":"Shaded","section":"Shading Mode"},"sceneLighting":true,"audioPlay":false,"sceneViewState":{"showFog":true,"showMaterialUpdate":false,"showSkybox":true,"showFlares":true,"showImageEffects":true,"showParticleSystems":true},"in2DMode":false,"pivot":{"x":10.4228515625,"y":0.4208984375,"z":-6.43798828125},"rotation":{"x":-0.3866652250289917,"y":0.2419714629650116,"z":-0.10588828474283219,"w":-0.8835899233818054},"size":1.3337830305099488,"orthographic":true}